"filename","subcorpus","code","huni.chars","hrate.chars","huni.strings","hrate.strings","ttr.chars","ttr.strings","rm.chars"
"random_ran_10","random","ran_10",3.31617083626537,2.93214541388137,6.12997872718319,4.8161290021407,0.01,0.89247311827957,0.101010101010101
"random_ran_11","random","ran_11",3.44791420453699,2.99928041052955,6.130416151741,4.77267916200335,0.011,0.888888888888889,0.109201213346815
"random_ran_12","random","ran_12",3.5760528633835,3.06402886940233,6.16856491268952,4.83365658894331,0.012,0.875,0.090080971659919
"random_ran_13","random","ran_13",3.6932327802063,3.0815768869114,6.02643884482632,4.60423738546247,0.013,0.943661971830986,0.0871327254305978
"random_ran_14","random","ran_14",3.79765212850385,3.1557602204367,5.99986181151642,4.62625666037136,0.014,0.932432432432432,0.0720081135902637
"random_ran_15","random","ran_15",3.90240073132199,3.17885369749321,5.84375,4.41075492218777,0.015,0.9375,0.065989847715736
"random_ran_16","random","ran_16",3.99153284707049,3.23105073139699,5.87750457648101,4.45271190886613,0.016,0.967741935483871,0.0599593495934959
"random_ran_17","random","ran_17",4.07961539480609,3.26607800722213,5.60003991358552,4.23260658927241,0.017,0.928571428571429,0.0661241098677518
"random_ran_18","random","ran_18",4.16184944740067,3.31975240639481,5.66535159882685,4.35176948852656,0.018,0.904761904761905,0.0692464358452139
"random_ran_19","random","ran_19",4.23023888975198,3.34662728974284,5.6724253419715,4.25785975678908,0.019,1,0.0489296636085627
"random_ran_2","random","ran_2",0.99971144175281,3.14690115544217,1.94372599276004,1.75709186991478,0.002,0.0176125244618395,0.48997995991984
"random_ran_20","random","ran_20",4.30348527453448,3.3715126053872,5.45342103248267,4.0484632119325,0.02,0.957446808510638,0.05
"random_ran_21","random","ran_21",4.38353094669677,3.43141430270562,5.48590234442608,4.08095199476171,0.021,0.958333333333333,0.0449438202247191
"random_ran_22","random","ran_22",4.44619046159155,3.50729953830064,5.6724253419715,4.31138359618748,0.022,1,0.0449897750511247
"random_ran_23","random","ran_23",4.51144763034958,3.51504682815727,5.03168708302644,3.73804854397472,0.023,0.9,0.0460593654042989
"random_ran_24","random","ran_24",4.56944289398725,3.56539007910758,5.54875843973146,4.13474861656237,0.024,0.96,0.0430327868852459
"random_ran_25","random","ran_25",4.62894742704288,3.55684983189305,5.03784479304888,3.68724025181433,0.025,0.944444444444444,0.0338461538461538
"random_ran_26","random","ran_26",4.67932525306915,3.62235653222136,5.1553993115749,3.76092372939978,0.026,0.972972972972973,0.0492813141683778
"random_ran_27","random","ran_27",4.73861032478681,3.6709663184667,5.12928301694497,3.79784010371183,0.027,1,0.025693730729702
"random_ran_28","random","ran_28",4.78464152302092,3.67123988773619,5.04439411935845,3.66072667608151,0.028,1,0.0349794238683128
"random_ran_29","random","ran_29",4.83425808912845,3.73535621557396,5.1227988949656,3.78517061143674,0.029,0.947368421052632,0.0411946446961895
"random_ran_3","random","ran_3",1.58369093725177,3.0287045355398,4.17450455483988,3.38717005461943,0.003,0.214285714285714,0.310932798395186
"random_ran_30","random","ran_30",4.89042903410982,3.75724007925919,5.52356195605701,4.16978305820221,0.03,1,0.0360824742268041
"random_ran_31","random","ran_31",4.93826507185945,3.7613389037345,4.78901547788619,3.39419101631869,0.031,0.96551724137931,0.0381836945304438
"random_ran_32","random","ran_32",4.97215368936569,3.77948917362199,4.85798099512757,3.48525727369125,0.032,1,0.0268595041322314
"random_ran_33","random","ran_33",5.01713204048958,3.82147658775777,4.39231742277876,3.11760482588976,0.033,1,0.0289555325749741
"random_ran_34","random","ran_34",5.05692475999101,3.84551164638828,4.8073549220576,3.49800699111562,0.034,1,0.0320910973084886
"random_ran_35","random","ran_35",5.11017843226573,3.8798505224843,4.58496250072116,3.25156905912919,0.035,1,0.0269430051813472
"random_ran_36","random","ran_36",5.14793452092518,3.89684441047611,4.68081342808939,3.36817341177001,0.036,0.962962962962963,0.0342323651452282
"random_ran_37","random","ran_37",5.18384441121026,3.92996060787749,5.12928301694497,3.73149930100076,0.037,1,0.0311526479750779
"random_ran_38","random","ran_38",5.20690623746822,3.94265278017521,4.8073549220576,3.49800699111562,0.038,1,0.0228690228690229
"random_ran_39","random","ran_39",5.26747225293561,3.99070262688116,4.75488750216347,3.44951262330295,0.039,1,0.0301768990634755
"random_ran_4","random","ran_4",1.99777148632612,2.96067225858809,5.13552333652301,4.06999761291867,0.004,0.373076923076923,0.246987951807229
"random_ran_40","random","ran_40",5.28943453099493,3.97052335583136,5,3.67697698913626,0.04,1,0.028125
"random_ran_41","random","ran_41",5.33115078686777,3.96330740544761,4.39231742277876,3.06232082363054,0.041,1,0.0291970802919708
"random_ran_42","random","ran_42",5.35598527145893,3.99664253840258,4.52356195605701,3.14821580425018,0.042,1,0.0219206680584551
"random_ran_43","random","ran_43",5.39394918333213,4.0225622013078,4.75488750216347,3.44951262330295,0.043,1,0.0261233019853709
"random_ran_44","random","ran_44",5.43560616765658,4.0655547812582,4.58496250072116,3.29323572579585,0.044,1,0.0198744769874477
"random_ran_45","random","ran_45",5.45625744079628,4.06198349713006,4.75488750216347,3.44951262330295,0.045,1,0.0230366492146597
"random_ran_46","random","ran_46",5.47689361967602,4.08817872138139,5.28540221886225,3.94454132639208,0.046,1,0.0188679245283019
"random_ran_47","random","ran_47",5.52082897107703,4.0523703812118,4,2.76563377936766,0.047,1,0.0230849947534103
"random_ran_48","random","ran_48",5.54595530146648,4.0742207454199,4,2.76563377936766,0.048,1,0.0189075630252101
"random_ran_5","random","ran_5",2.31655500123418,2.84027087740387,5.9889038493037,4.73884058598917,0.005,0.581151832460733,0.179899497487437
"random_ran_6","random","ran_6",2.57803992261956,2.76966360272661,6.21251554400338,4.96450637119111,0.006,0.74,0.175050301810865
"random_ran_7","random","ran_7",2.80254214570448,2.78823556160686,6.37288605550576,4.92423930281054,0.007,0.836065573770492,0.138972809667674
"random_ran_8","random","ran_8",2.99678788856939,2.91725174696214,6.17957822209769,4.87378460692057,0.008,0.77037037037037,0.132056451612903
"random_ran_9","random","ran_9",3.1647948875154,2.97555108032388,6.34806857310058,5.0148835897213,0.009,0.811023622047244,0.0998990918264379
"shuffled_aii_0001","shuffled","aii_0001",4.10129873102934,3.69886868320884,6.5027748192507,5.22444550327658,0.031,0.802469135802469,0.0784313725490196
"shuffled_akk_0001","shuffled","akk_0001",3.70537070599063,4.77295709197867,6.27431937251723,4.78272471018666,0.031,0.854545454545454,0.113519091847265
"shuffled_akk_0002","shuffled","akk_0002",4.2931952243987,4.34160387332226,6.64396078773093,5.035571366997,0.032,0.893129770992366,0.0702479338842975
"shuffled_arb_0001","shuffled","arb_0001",4.29785623733224,3.67356680372177,6.22480160640488,5.09614873195199,0.039,0.75796178343949,0.0863683662851197
"shuffled_azj_0001","shuffled","azj_0001",4.40299613871395,3.7496598432878,6.5478916077185,5.14409025299399,0.042,0.890756302521008,0.0594989561586639
"shuffled_azj_0002","shuffled","azj_0002",4.40299613871395,3.72797937843368,6.48288877163858,5.07922771093387,0.042,0.882352941176471,0.0532359081419624
"shuffled_ben_0001","shuffled","ben_0001",4.77697058162774,4.41214774461748,6.35557779495358,5.01990427786889,0.054,0.820143884892086,0.06553911205074
"shuffled_bhg_0001","shuffled","bhg_0001",3.52535929531652,3.60898281350805,5.28556109706195,4.64988487962151,0.0261437908496732,0.5078125,0.167785234899329
"shuffled_bhg_0002","shuffled","bhg_0002",3.23212088671477,3.18022518718683,4.94183006106754,3.92688877762735,0.0772058823529412,0.637362637362637,0.171314741035857
"shuffled_bhg_0003","shuffled","bhg_0003",3.53768110124855,3.6584644287001,5.44975559216785,4.49861397731847,0.0340599455040872,0.493877551020408,0.132581100141044
"shuffled_bhg_0004","shuffled","bhg_0004",3.1492983424814,3.18194364842445,4.76191222027912,3.96781633215051,0.0557184750733138,0.543859649122807,0.198757763975155
"shuffled_bhg_0005","shuffled","bhg_0005",3.43472598577664,3.01882975959696,3.89637004667161,3.3205832825545,0.120879120879121,0.557377049180328,0.18125
"shuffled_bhg_0006","shuffled","bhg_0006",2.97153699067622,3.59375911157296,5.04161249730276,4.37698865929616,0.027,0.395209580838323,0.234326824254882
"shuffled_bhg_0007","shuffled","bhg_0007",3.55012555440924,3.80771453506323,5.60644889007124,4.85420423947228,0.027,0.488023952095808,0.145940390544707
"shuffled_bhg_0008","shuffled","bhg_0008",3.56005431396736,3.77014631227541,5.74333454380264,4.89790590638674,0.0271356783919598,0.5,0.152892561983471
"shuffled_bhg_0009","shuffled","bhg_0009",3.22050070195741,3.11070491796167,4.47940922249152,3.62150514450859,0.0892018779342723,0.583333333333333,0.170103092783505
"shuffled_bhg_0010","shuffled","bhg_0010",3.28594520575174,3.25773591737771,4.97022501626189,4.34340455245392,0.0516431924882629,0.566433566433566,0.180693069306931
"shuffled_bla_0001","shuffled","bla_0001",4.41486437711692,3.92439911313956,6.09046134115361,4.92987258531329,0.037,0.7375,0.0799584631360332
"shuffled_bla_0002","shuffled","bla_0002",4.39579795595591,3.91297827712443,6.48438926175319,5.22668984779662,0.045,0.828767123287671,0.0753926701570681
"shuffled_blt_0001","shuffled","blt_0001",4.58753253058596,4.09736990008936,5.89151450210158,4.95601127793985,0.051,0.589285714285714,0.107481559536354
"shuffled_bod_0001","shuffled","bod_0001",4.42774743076004,5.15152162027317,3.70043971814109,2.5027611501705,0.047,1,0.093389296956978
"shuffled_bos_0001","shuffled","bos_0001",4.45751762615041,3.81273685972567,6.24212850779425,5.15345723939949,0.038,0.776315789473684,0.0686070686070686
"shuffled_bos_0002","shuffled","bos_0002",4.4038924788567,3.7645500562493,6.11257692475554,4.95284188202655,0.037,0.76158940397351,0.0778816199376947
"shuffled_cad_0001","shuffled","cad_0001",2.12521276604129,1.80312101002083,2.94770277922009,1.88545922442551,0.166666666666667,0.888888888888889,0.233333333333333
"shuffled_cad_0002","shuffled","cad_0002",1.79306201746892,1.53104322830634,0,0,0.0264900662251656,1,0.428571428571429
"shuffled_cav_0001","shuffled","cav_0001",3.2646992281262,3.22774685373415,4.76475341765619,4.01419068898824,0.0515970515970516,0.503703703703704,0.160621761658031
"shuffled_cav_0002","shuffled","cav_0002",3.57816345331826,3.557591568496,4.99190666905149,4.47063026978919,0.0345911949685535,0.495283018867925,0.156351791530945
"shuffled_cav_0003","shuffled","cav_0003",3.10633459526341,2.86835058559474,4.46465782421148,3.29026819345128,0.0909090909090909,0.586206896551724,0.15625
"shuffled_cav_0004","shuffled","cav_0004",2.72778069915238,2.04521158141752,2.75,1.62584084600334,0.434782608695652,0.875,0.230769230769231
"shuffled_cav_0005","shuffled","cav_0005",3.00015361670325,2.87298190036691,4.18241486302934,3.29776614984788,0.0898203592814371,0.571428571428571,0.203947368421053
"shuffled_cav_0006","shuffled","cav_0006",2.39833017338917,2.42365323324253,3.7761559666059,2.98474051873288,0.0603448275862069,0.564102564102564,0.26605504587156
"shuffled_cav_0007","shuffled","cav_0007",2.69919834670499,2.00665737476352,3.27761343681912,2.06822661212311,0.25,0.909090909090909,0.166666666666667
"shuffled_cav_0008","shuffled","cav_0008",3.20267008100952,2.93845938889004,4.28063490078501,3.23877903726208,0.111801242236025,0.611111111111111,0.174825174825175
"shuffled_cav_0009","shuffled","cav_0009",3.25420765172968,2.80815692691799,4.13646285201164,3.17240686831738,0.146551724137931,0.666666666666667,0.151515151515152
"shuffled_chr_0001","shuffled","chr_0001",5.03696957598137,4.24009503686387,6.4313562603518,5.34016122260654,0.07,0.778378378378378,0.0612903225806452
"shuffled_cmn_0001","shuffled","cmn_0001",7.41228872626588,5.6416413662859,2.58496250072116,1.58197551605495,0.306,1,0.00720461095100865
"shuffled_cmn_0002","shuffled","cmn_0002",7.40335476491796,5.63459197738774,1.58496250072116,0.861654166907052,0.303,1,0.0129124820659971
"shuffled_cre_0001","shuffled","cre_0001",3.28536483575737,3.49478539266364,2.32192809488736,1.3813781191217,0.0574712643678161,1,0.142276422764228
"shuffled_cre_0002","shuffled","cre_0002",3.33106969637685,4.24992595444338,5.8928789678433,4.20407385711683,0.0150905432595573,0.939393939393939,0.126659856996936
"shuffled_csw_0001","shuffled","csw_0001",4.69699159878205,4.01680463486831,6.13732988069907,5.18021771945473,0.05,0.695431472081218,0.0736842105263158
"shuffled_cth_0001","shuffled","cth_0001",2.91111043393582,2.86018905129526,4.91486211287842,3.70866546144806,0.0418118466898955,0.652777777777778,0.178181818181818
"shuffled_cth_0002","shuffled","cth_0002",3.05345342439778,3.41894831428349,5.88802050020637,4.84798690804393,0.0287026406429392,0.582568807339449,0.15839243498818
"shuffled_cth_0003","shuffled","cth_0003",2.76425473934598,2.91976486738879,5.27263965642645,4.14090684607045,0.0332480818414322,0.663265306122449,0.235449735449735
"shuffled_cth_0004","shuffled","cth_0004",2.85637787100669,3.20989623890239,5.35365330454465,4.49748140246939,0.0205391527599487,0.536082474226804,0.187418086500655
"shuffled_cth_0005","shuffled","cth_0005",3.43620895659008,3.57501714639384,5.91741410671276,4.94849324619893,0.027,0.589641434262948,0.161356628982528
"shuffled_cth_0006","shuffled","cth_0006",3.0785519701147,3.30338198932943,5.51724564789906,4.52765659483403,0.0444078947368421,0.607843137254902,0.175559380378657
"shuffled_cth_0007","shuffled","cth_0007",3.21165894559233,3.30050331139207,5.52578597634151,4.45321782467007,0.0446428571428571,0.631205673758865,0.181308411214953
"shuffled_cth_0008","shuffled","cth_0008",3.19126980917014,3.44709860279601,5.7028762107612,4.80416298689886,0.026,0.552,0.175564681724846
"shuffled_cth_0009","shuffled","cth_0009",3.29437281999069,3.39745302605155,5.67022105770597,4.84522858088199,0.025,0.549800796812749,0.173333333333333
"shuffled_cth_0010","shuffled","cth_0010",3.38165319734825,3.4851111085326,5.52744554224726,4.77573236277584,0.024,0.548,0.170081967213115
"shuffled_cth_0011","shuffled","cth_0011",3.35819967604223,3.41717643052996,5.56811591879075,4.52811650816353,0.043046357615894,0.609271523178808,0.153979238754325
"shuffled_div_0001","shuffled","div_0001",4.56646138582552,3.77038451604907,6.13942197910658,4.74841710919887,0.04,0.896551724137931,0.0572916666666667
"shuffled_dna_0001","shuffled","dna_0001",1.82026384818355,1.5938370950843,0,0,0.004,1,0.322289156626506
"shuffled_dna_0002","shuffled","dna_0002",1.9883451831728,1.69190230001183,0,0,0.004,1,0.256024096385542
"shuffled_dna_0003","shuffled","dna_0003",2.22519399721501,1.88916537272992,0,0,0.005,1,0.233165829145729
"shuffled_dna_0004","shuffled","dna_0004",1.96140092035339,1.67139325053512,0,0,0.004,1,0.259036144578313
"shuffled_dna_0005","shuffled","dna_0005",1.99237704454794,1.70409330925693,0,0,0.004,1,0.275100401606426
"shuffled_dna_0006","shuffled","dna_0006",1.95747682918281,1.67744708033409,0,0,0.004,1,0.269076305220884
"shuffled_dna_0007","shuffled","dna_0007",1.94133553109981,1.6795380557502,0,0,0.004,1,0.286144578313253
"shuffled_dna_0008","shuffled","dna_0008",1.52052053799457,1.36846986352464,0,0,0.004,1,0.413654618473896
"shuffled_dna_0009","shuffled","dna_0009",1.95325112032496,1.68444170072991,0,0,0.004,1,0.265060240963855
"shuffled_dna_0010","shuffled","dna_0010",1.9777094557227,1.69248175354217,0,0,0.004,1,0.258032128514056
"shuffled_dna_0011","shuffled","dna_0011",2.24663941356707,1.88961196208803,0,0,0.005,1,0.22713567839196
"shuffled_dna_0012","shuffled","dna_0012",1.99330215517307,1.69666180547889,0,0,0.004,1,0.228915662650602
"shuffled_dna_0013","shuffled","dna_0013",1.96791758464415,1.68620173161105,0,0,0.004,1,0.263052208835341
"shuffled_dna_0014","shuffled","dna_0014",1.93121669985123,1.65878576860716,0,0,0.004,1,0.268072289156627
"shuffled_dna_0015","shuffled","dna_0015",1.93715397340644,1.67158376689326,0,0,0.004,1,0.295180722891566
"shuffled_dna_0016","shuffled","dna_0016",1.89334595016702,1.62677789990175,0,0,0.004,1,0.315261044176707
"shuffled_dna_0017","shuffled","dna_0017",1.92132287848844,1.63386543629763,0,0,0.004,1,0.270080321285141
"shuffled_dna_0018","shuffled","dna_0018",1.96540580593698,1.67417056929124,0,0,0.004,1,0.267068273092369
"shuffled_dna_0019","shuffled","dna_0019",1.4477594990642,1.29742084073163,0,0,0.004,1,0.39859437751004
"shuffled_dna_0020","shuffled","dna_0020",1.45021143446195,1.28843009650925,0,0,0.003,1,0.383149448345035
"shuffled_dna_0021","shuffled","dna_0021",1.96400918775104,1.6751868190408,0,0,0.004,1,0.266064257028112
"shuffled_dna_0022","shuffled","dna_0022",2.05239797245749,1.76967732108346,0,0,0.005,1,0.276381909547739
"shuffled_dna_0023","shuffled","dna_0023",1.85304958981854,1.61334001234317,0,0,0.004,1,0.301204819277108
"shuffled_dna_0024","shuffled","dna_0024",1.93798064892634,1.66008606624675,0,0,0.004,1,0.269076305220884
"shuffled_dna_0025","shuffled","dna_0025",1.98948920927918,1.69219318308785,0,0,0.004,1,0.275100401606426
"shuffled_dna_0026","shuffled","dna_0026",1.99524672351601,1.71299259231927,0,0,0.004,1,0.272088353413655
"shuffled_dna_0027","shuffled","dna_0027",1.95300330607881,1.67898787275454,0,0,0.004,1,0.301204819277108
"shuffled_dna_0028","shuffled","dna_0028",1.99745990961101,1.68735373912126,0,0,0.004,1,0.270080321285141
"shuffled_dna_0029","shuffled","dna_0029",1.93425260710943,1.65302230398147,0,0,0.004,1,0.285140562248996
"shuffled_dna_0030","shuffled","dna_0030",1.99100044007745,1.70974910653061,0,0,0.004,1,0.252008032128514
"shuffled_ela_0001","shuffled","ela_0001",4.0093460685861,3.21628927577413,5.59057108125987,4.14611839723367,0.0446096654275093,0.913793103448276,0.0894941634241245
"shuffled_ela_0002","shuffled","ela_0002",3.55223889549032,3.19401589110578,6.04874405432286,4.61809316221048,0.036231884057971,0.813725490196078,0.111278195488722
"shuffled_ell_0001","shuffled","ell_0001",5.04146432468412,4.13819885333815,6.51826152893355,5.20880870177558,0.071,0.842465753424658,0.0376749192680301
"shuffled_eng_0001","shuffled","eng_0001",4.14534436520363,3.74593268653597,6.74476282897562,5.3993168658499,0.031,0.832335329341317,0.0619195046439628
"shuffled_epo_0001","shuffled","epo_0001",4.14886065460062,3.77317484203112,6.32857237450116,5.17267954451393,0.032,0.769230769230769,0.0692148760330579
"shuffled_eus_0001","shuffled","eus_0001",4.23975966217575,3.66028290824773,6.09905623408549,4.81634985476836,0.041,0.805309734513274,0.0813347236704901
"shuffled_gaz_0001","shuffled","gaz_0001",4.2044219894689,3.65371245032285,6.05636648347434,4.84184978049809,0.036,0.785123966942149,0.0881742738589212
"shuffled_guj_0001","shuffled","guj_0001",4.6957022649476,4.23072899617348,6.38771260771311,5.01108015398127,0.048,0.789115646258503,0.0525210084033613
"shuffled_heb_0001","shuffled","heb_0001",4.18624709669083,3.6916300013938,6.42342449226136,5.07020520211723,0.031,0.771604938271605,0.0794633642930857
"shuffled_hin_0001","shuffled","hin_0001",4.73382446910269,4.41785497310871,6.53704988765179,5.19294697409118,0.052,0.78735632183908,0.0590717299578059
"shuffled_hye_0001","shuffled","hye_0001",4.55839382280358,3.84816681014909,6.5672254142019,5.21186931705722,0.048,0.906779661016949,0.0588235294117647
"shuffled_ibb_0001","shuffled","ibb_0001",4.06169007609488,3.68113965987718,6.49236009029087,5.18538866670826,0.033,0.764367816091954,0.0899689762150982
"shuffled_iii_0001","shuffled","iii_0001",6.71940708342504,5.24728359209912,1.58496250072116,0.861654166907052,0.22,1,0.0192307692307692
"shuffled_ike_0001","shuffled","ike_0001",5.19429496394981,4.11122558244328,6.22640629508449,4.93655782239844,0.06,0.897959183673469,0.0340425531914894
"shuffled_jav_0001","shuffled","jav_0001",4.57263316384803,4.4130632622251,2,1.14624062518029,0.038,1,0.0488565488565489
"shuffled_jav_0002","shuffled","jav_0002",4.18996846809293,3.63893985721515,6.31499828233701,4.97206813407999,0.037,0.813953488372093,0.0716510903426791
"shuffled_jpn_0001","shuffled","jpn_0001",6.79198736947971,5.39405161376547,0,0,0.253,1,0.0281124497991968
"shuffled_kal_0001","shuffled","kal_0001",3.87913599907975,3.26505926826283,5.76680291133338,4.36528457751148,0.028,0.934426229508197,0.0792181069958848
"shuffled_kan_0001","shuffled","kan_0001",4.76959387038698,4.40433113047512,6.23245832473715,4.86777918794524,0.047,0.921348314606742,0.0503672612801679
"shuffled_kat_0001","shuffled","kat_0001",4.22829543996312,3.60909734854662,6.19930004282786,4.85135301888063,0.034,0.828828828828829,0.0838509316770186
"shuffled_khm_0001","shuffled","khm_0001",5.08511026324938,4.54697727825659,5.4262647547021,4.01942265130878,0.059,1,0.0435706695005314
"shuffled_kkh_0001","shuffled","kkh_0001",4.93861786400081,5.07858569640172,4.88968018135462,3.48235050209898,0.054,0.967741935483871,0.0581395348837209
"shuffled_kor_0001","shuffled","kor_0001",6.09468145586405,4.99624225778505,6.53551747511591,5.48036109407183,0.198,0.756521739130435,0.0723192019950125
"shuffled_lao_0001","shuffled","lao_0001",5.24649586857276,4.40591705390871,4.95419631038688,3.4776174481783,0.051,1,0.0326659641728135
"shuffled_lug_0001","shuffled","lug_0001",4.42845728278998,3.82005638389783,6.36713289476554,4.95965708296616,0.044,0.897196261682243,0.0575313807531381
"shuffled_mal_0001","shuffled","mal_0001",4.7052133493453,4.70665266700092,5.93129958423247,4.44895644236166,0.053,0.929577464788732,0.0665258711721225
"shuffled_moc_0001","shuffled","moc_0001",1.83626021876937,3.15187337428784,4.69389199023988,3.85917968451519,0.006,0.28525641025641,0.303822937625755
"shuffled_moc_0002","shuffled","moc_0002",1.72467280168525,3.07899239203163,4.40877351665083,3.61520761348356,0.004,0.243506493506494,0.28714859437751
"shuffled_moc_0003","shuffled","moc_0003",1.76170184202163,2.32624253798828,3.90947146503593,2.96561209404491,0.0228571428571429,0.452830188679245,0.309941520467836
"shuffled_mya_0001","shuffled","mya_0001",4.82170780643697,4.69327458040647,5.79958979657928,4.42014919411513,0.045,0.950819672131147,0.0544502617801047
"shuffled_pan_0001","shuffled","pan_0001",4.7081622239364,4.23011012184916,6.58269803872101,5.32795419279402,0.051,0.767676767676768,0.0737618545837724
"shuffled_pra_0001","shuffled","pra_0001",4.24188324588385,3.64914206046087,6.32313683461744,5.03287685171948,0.038,0.801470588235294,0.0748440748440748
"shuffled_prc_0001","shuffled","prc_0001",4.33722014574569,3.61765433189737,6.06081859798965,4.20951257169446,0.0446927374301676,0.788135593220339,0.0833333333333333
"shuffled_prc_0002","shuffled","prc_0002",4.47205368393428,3.61668673917513,5.50450782936617,3.42451184041482,0.0888324873096447,0.868852459016393,0.0752089136490251
"shuffled_prc_0003","shuffled","prc_0003",4.22646559023765,3.487924268317,4.18016070412001,3.16648545282009,0.159340659340659,0.742857142857143,0.117647058823529
"shuffled_prc_0004","shuffled","prc_0004",4.37308866204038,3.2713131952371,4.38936485863439,2.83966182655072,0.154255319148936,0.806451612903226,0.0880503144654088
"shuffled_rus_0001","shuffled","rus_0001",4.46170812320966,3.8965923913235,6.59690591377724,5.1913851909632,0.043,0.855072463768116,0.0532915360501567
"shuffled_sin_0001","shuffled","sin_0001",4.67942836388594,4.46883281835242,6.2444348086281,5.04113922886117,0.051,0.808510638297872,0.053740779768177
"shuffled_sum_0001","shuffled","sum_0001",3.85355328556178,3.74683045355391,6.31634659706218,5.04577507971247,0.032,0.751515151515151,0.107438016528926
"shuffled_sum_0002","shuffled","sum_0002",3.9733447454293,3.85249900315945,5.30617065170919,3.98781593420104,0.0687679083094556,0.91304347826087,0.0646153846153846
"shuffled_sum_0003","shuffled","sum_0003",4.03548678368503,3.46107552278487,4.4594316186373,3.10309858703994,0.151515151515152,1,0.0571428571428571
"shuffled_sum_0004","shuffled","sum_0004",4.331549262092,3.71571447556675,3.8073549220576,2.51302041620217,0.145374449339207,1,0.0721649484536082
"shuffled_sum_0005","shuffled","sum_0005",4.07107488656523,3.9567240010008,3.90689059560852,2.57767853127743,0.0980392156862745,1,0.11304347826087
"shuffled_sum_0006","shuffled","sum_0006",3.91800298737287,3.23939501903409,4.31682771683252,2.88255718034186,0.167883211678832,0.91304347826087,0.087719298245614
"shuffled_sum_0007","shuffled","sum_0007",3.83449368208894,3.27517374352723,4.57440093740915,3.39826787126078,0.10958904109589,0.848484848484849,0.102564102564103
"shuffled_sum_0008","shuffled","sum_0008",3.91008776007882,3.28368030218615,4.62351664121802,3.16025873273783,0.127659574468085,0.961538461538462,0.0975609756097561
"shuffled_sum_0009","shuffled","sum_0009",3.84777792091805,3.40685366887719,5.74137111145751,4.49845163797746,0.054673721340388,0.808988764044944,0.100746268656716
"shuffled_sum_0010","shuffled","sum_0010",3.80649174848908,3.30213905888709,4.44889459043714,3.23505389033481,0.101769911504425,0.818181818181818,0.12807881773399
"shuffled_tam_0001","shuffled","tam_0001",4.4204664503517,4.55235120469704,6.1718297501138,4.66253178821894,0.037,0.938271604938272,0.0643821391484943
"shuffled_tel_0001","shuffled","tel_0001",4.723621862314,4.39819329209259,6.01886234856364,4.62717581268524,0.053,0.901234567901235,0.0485744456177402
"shuffled_tgl_0001","shuffled","tgl_0001",3.6810335636987,3.42880716312777,6.13473275734543,4.87583609456619,0.033,0.72972972972973,0.141675284384695
"shuffled_tha_0001","shuffled","tha_0001",5.26844869039443,4.34226252975649,4.32192809488736,3.05386919604531,0.052,1,0.0369198312236287
"shuffled_tir_0001","shuffled","tir_0001",5.36776183573872,4.45645870426418,6.66170333869806,5.43780749040668,0.101,0.806451612903226,0.053392658509455
"shuffled_tsl_0001","shuffled","tsl_0001",5.24907419423821,4.12412086631158,4.70043971814109,3.3207008425535,0.117516629711752,1,0.0351758793969849
"shuffled_vai_0001","shuffled","vai_0001",4.65616892300606,4.34628477792052,5.69144515776088,5.10083717135138,0.084,0.559171597633136,0.145196506550218
"shuffled_wsy_0001","shuffled","wsy_0001",4.22614113218515,3.45379223667576,6.17805590733327,4.73037694246993,0.025,0.9375,0.0512820512820513
"shuffled_zfi_0001","shuffled","zfi_0001",2.62974932938785,2.13284481049632,2.09306920777189,1.78130706857445,0.290322580645161,0.5,0.363636363636364
"shuffled_zgh_0001","shuffled","zgh_0001",3.87516309909607,3.68542344944355,6.46039929993134,5.16814145223635,0.027,0.720812182741117,0.0801644398766701
"shuffled_zul_0001","shuffled","zul_0001",4.2543307175498,3.57964986158717,6.19912633518491,4.84410308562554,0.032,0.894736842105263,0.0712809917355372
"animal_bhg_0001.txt","animal","bhg_0001",3.52535929531652,3.64945133795142,4.16477101614892,1.63409007597315,0.0261437908496732,0.08984375,0.00134228187919463
"animal_bhg_0002.txt","animal","bhg_0002",3.23212088671477,3.20036976335456,4.48623853722706,2.03514738126255,0.0772058823529412,0.263736263736264,0.0318725099601594
"animal_bhg_0003.txt","animal","bhg_0003",3.53768110124855,3.68575666389808,4.27063740874187,2.11941586431749,0.0340599455040872,0.110204081632653,0
"animal_bhg_0004.txt","animal","bhg_0004",3.1492983424814,3.25265878354892,3.98977583388453,2.33639319122988,0.0557184750733138,0.210526315789474,0.0279503105590062
"animal_bhg_0005.txt","animal","bhg_0005",3.43472598577664,3.08225418212213,4.29715142786216,2.62305376144847,0.120879120879121,0.409836065573771,0.0125
"animal_bhg_0006.txt","animal","bhg_0006",2.97153699067622,3.9030948855441,4.98557492719303,2.52070777828359,0.027,0.0881801125703565,0.0544707091469681
"animal_bhg_0007.txt","animal","bhg_0007",3.55012555440924,3.94098370445341,5.76187857550274,3.43495632845819,0.027,0.198391420911528,0.0174717368961973
"animal_bhg_0008.txt","animal","bhg_0008",3.56005431396736,3.91525330398219,5.64621161779986,3.15465749877083,0.0271356783919598,0.192771084337349,0.0185950413223141
"animal_bhg_0009.txt","animal","bhg_0009",3.22050070195741,3.04365092903996,3.68148815738989,2.1913025023272,0.0892018779342723,0.25,0.0103092783505155
"animal_bhg_0010.txt","animal","bhg_0010",3.28594520575174,3.4231273632045,4.57013478670802,2.37377927342961,0.0516431924882629,0.20979020979021,0.0173267326732673
"animal_cad_0001.txt","animal","cad_0001",2.12521276604129,1.83305845670892,2.35274578087187,1.66928460348749,0.166666666666667,0.428571428571429,0.366666666666667
"animal_cad_0002.txt","animal","cad_0002",1.79306201746892,1.20920627145212,4.08746284125034,2.84338843006664,0.0264900662251656,1,0.727891156462585
"animal_cav_0001.txt","animal","cav_0001",3.2646992281262,3.42804216873848,5.18416063560488,2.96209660907007,0.0515970515970516,0.316176470588235,0.0155440414507772
"animal_cav_0002.txt","animal","cav_0002",3.57816345331826,3.64305967042113,5.03360201408421,3.01081479405836,0.0345911949685535,0.207547169811321,0
"animal_cav_0003.txt","animal","cav_0003",3.10633459526341,2.89011824198097,3.63402795613475,2.3742293781978,0.0909090909090909,0.305084745762712,0.0125
"animal_cav_0004.txt","animal","cav_0004",2.72778069915238,2.09935414717917,2.75,1.73694131966981,0.434782608695652,0.875,0.153846153846154
"animal_cav_0005.txt","animal","cav_0005",3.00015361670325,2.96154944789514,3.77840172169498,2.59063316605011,0.0898203592814371,0.321428571428571,0
"animal_cav_0006.txt","animal","cav_0006",2.39833017338917,2.51132878039487,1.86707214876352,1.24362996631202,0.0603448275862069,0.102564102564103,0
"animal_cav_0007.txt","animal","cav_0007",2.69919834670499,1.97558937806846,2.18670434591002,1.49582257199422,0.25,0.454545454545455,0
"animal_cav_0008.txt","animal","cav_0008",3.20267008100952,2.99386325408243,4.40500133568974,2.91134611501691,0.111801242236025,0.481481481481481,0.027972027972028
"animal_cav_0009.txt","animal","cav_0009",3.25420765172968,2.85579482367685,4.40682112895224,2.85089696359697,0.146551724137931,0.58974358974359,0.0303030303030303
"animal_cth_0001.txt","animal","cth_0001",2.91111043393582,2.78304426559452,3.01631153340004,1.88625119902805,0.0418118466898955,0.138888888888889,0
"animal_cth_0002.txt","animal","cth_0002",3.05345342439778,3.39381813519496,3.83534697663839,2.42909967720277,0.0287026406429392,0.128440366972477,0.00118203309692671
"animal_cth_0003.txt","animal","cth_0003",2.76425473934598,2.87744967882651,3.45934895952079,1.97999419104296,0.0332480818414322,0.13265306122449,0.0502645502645503
"animal_cth_0004.txt","animal","cth_0004",2.85637787100669,3.28951962322338,3.44954255649917,2.28612618476716,0.0205391527599487,0.0769230769230769,0.0209698558322412
"animal_cth_0005.txt","animal","cth_0005",3.43620895659008,3.5659877699369,5.95972130259611,3.51160171820539,0.027,0.221354166666667,0.00719424460431655
"animal_cth_0006.txt","animal","cth_0006",3.0785519701147,3.32713910547364,4.99531397248086,3.05353394558331,0.0444078947368421,0.276315789473684,0.0206540447504303
"animal_cth_0007.txt","animal","cth_0007",3.21165894559233,3.2538412677472,4.90529050391627,3.08434424299653,0.0446428571428571,0.285714285714286,0.0242990654205607
"animal_cth_0008.txt","animal","cth_0008",3.19126980917014,3.49629310085667,5.2381760768957,2.73735881960265,0.026,0.111888111888112,0.00924024640657084
"animal_cth_0009.txt","animal","cth_0009",3.29437281999069,3.47287923666025,5.02741235140903,2.73981691197925,0.025,0.147222222222222,0.0112820512820513
"animal_cth_0010.txt","animal","cth_0010",3.38165319734825,3.46428815756023,5.35699328253994,2.88654708484733,0.024,0.071,0.00409836065573771
"animal_cth_0011.txt","animal","cth_0011",3.35819967604223,3.30852845079463,4.99412690157983,3.00690704975993,0.043046357615894,0.278145695364238,0.0121107266435986
"animal_zfi_0001.txt","animal","zfi_0001",2.62974932938785,2.46634522777811,2.98423416465249,1.64178229917421,0.290322580645161,0.470588235294118,0
"morse_moc_0001.txt","morse","moc_0001",1.83626021876937,3.53418029208409,4.05386031355248,2.68828089069232,0.006,0.0648379052369077,0.212273641851107
"morse_moc_0002.txt","morse","moc_0002",1.72467280168525,3.41954774811513,4.19692031933574,2.65788450949549,0.004,0.0409090909090909,0.194779116465863
"morse_moc_0003.txt","morse","moc_0003",1.76170184202163,2.52953786685394,3.87361987013235,2.62421650426424,0.0228571428571429,0.339622641509434,0.198830409356725
"natural_dna_0001.txt","natural","dna_0001",1.82026384818355,1.55854193085524,7.29462074889163,5.88360611691888,0.004,1,0.331325301204819
"natural_dna_0002.txt","natural","dna_0002",1.9883451831728,1.67520770042058,7.70735913208088,6.28944879390768,0.004,1,0.241967871485944
"natural_dna_0003.txt","natural","dna_0003",2.22519399721501,0.899049004201795,8.97745183631197,7.39301083810527,0.005,0.873772791023843,0.543718592964824
"natural_dna_0004.txt","natural","dna_0004",1.96140092035339,1.66513216198309,9.47775826644389,8.04356925054213,0.004,1,0.252008032128514
"natural_dna_0005.txt","natural","dna_0005",1.99237704454794,1.49981503946379,9.47775826644389,8.04356925054213,0.004,1,0.31425702811245
"natural_dna_0006.txt","natural","dna_0006",1.95747682918281,1.26483997060967,9.47775826644389,8.04356925054213,0.004,1,0.312248995983936
"natural_dna_0007.txt","natural","dna_0007",1.94133553109981,1.29043304223694,9.47775826644389,8.04356925054213,0.004,1,0.289156626506024
"natural_dna_0008.txt","natural","dna_0008",1.52052053799457,0.980688930028677,9.47775826644389,8.04356925054213,0.004,1,0.572289156626506
"natural_dna_0010.txt","natural","dna_0010",1.9777094557227,1.65612605142363,9.47775826644389,8.04356925054213,0.004,1,0.279116465863454
"natural_dna_0012.txt","natural","dna_0012",1.99330215517307,1.67084901051822,9.47775826644389,8.04356925054213,0.004,1,0.30421686746988
"natural_dna_0013.txt","natural","dna_0013",1.96791758464415,1.6566798531983,9.47775826644389,8.04356925054213,0.004,1,0.232931726907631
"natural_dna_0014.txt","natural","dna_0014",1.93121669985123,1.64494067192794,9.29543007570055,7.38160504415532,0.004,0.908835904628331,0.303212851405622
"natural_dna_0015.txt","natural","dna_0015",1.93715397340644,1.60921076612216,9.47775826644389,8.04356925054213,0.004,1,0.257028112449799
"natural_dna_0016.txt","natural","dna_0016",1.89334595016702,1.61738035897547,9.47775826644389,8.04356925054213,0.004,1,0.328313253012048
"natural_dna_0017.txt","natural","dna_0017",1.92132287848844,1.49153337209866,9.47775826644389,8.04356925054213,0.004,1,0.366465863453815
"natural_dna_0018.txt","natural","dna_0018",1.96540580593698,1.66846306814821,9.47775826644389,8.04356925054213,0.004,1,0.274096385542169
"natural_dna_0019.txt","natural","dna_0019",1.4477594990642,0.602458630356627,9.47775826644389,8.04356925054213,0.004,1,0.580321285140562
"natural_dna_0020.txt","natural","dna_0020",1.45021143446195,0.374650273698973,9.47214816826717,8.03548958683966,0.003,0.997194950911641,0.569709127382146
"natural_dna_0021.txt","natural","dna_0021",1.96400918775104,1.65693514209448,9.47775826644389,8.04356925054213,0.004,1,0.33433734939759
"natural_dna_0022.txt","natural","dna_0022",2.05239797245749,1.55266224990921,9.30635373254253,7.82049127592395,0.005,0.964936886395512,0.387939698492462
"natural_dna_0023.txt","natural","dna_0023",1.85304958981854,1.58147286090958,8.12587194609319,6.8323365422273,0.004,0.810659186535764,0.372489959839357
"natural_dna_0024.txt","natural","dna_0024",1.93798064892634,1.64959581581373,9.47775826644389,8.04356925054213,0.004,1,0.353413654618474
"natural_dna_0025.txt","natural","dna_0025",1.98948920927918,1.67270602137715,9.47775826644389,8.04356925054213,0.004,1,0.288152610441767
"natural_dna_0026.txt","natural","dna_0026",1.99524672351601,1.66808985718062,9.47775826644389,8.04356925054213,0.004,1,0.286144578313253
"natural_dna_0027.txt","natural","dna_0027",1.95300330607881,1.65564201827719,9.47775826644389,8.04356925054213,0.004,1,0.279116465863454
"natural_dna_0028.txt","natural","dna_0028",1.99745990961101,1.66878173938423,9.47775826644389,8.04356925054213,0.004,1,0.264056224899598
"natural_dna_0029.txt","natural","dna_0029",1.93425260710943,1.65874056233515,9.47775826644389,8.04356925054213,0.004,1,0.298192771084337
"natural_dna_0030.txt","natural","dna_0030",1.99100044007745,1.70379753212379,9.47775826644389,8.04356925054213,0.004,1,0.294176706827309
"pycode_pyc_0001.txt","pycode","pyc_0001",4.67137099615672,3.71243490153964,6.24264022330571,4.89977860160949,0.056,0.512605042016807,0.024364406779661
"signlang_tsl_0001.txt","signlang","tsl_0001",5.24907419423821,3.5745009415781,4.98476961870674,3.61000499238163,0.117516629711752,0.894736842105263,0.0201005025125628
"weather_wsy_0001.txt","weather","wsy_0001",4.22614113218515,2.00560166980091,3.27083156779928,2.35408713664145,0.025,0.0384615384615385,0.0143589743589744
"ancient_akk_0001.txt","ancient","akk_0001",3.70537070599063,4.83576973591028,6.78505164821005,4.90278345185713,0.031,0.532307692307692,0.00206398348813209
"ancient_akk_0002.txt","ancient","akk_0002",4.2931952243987,4.06802476121162,6.4952049038114,4.65115715564247,0.032,0.575757575757576,0.0103305785123967
"ancient_cre_0001.txt","ancient","cre_0001",3.28536483575737,3.43730413845213,4.17573586910049,2.83557080036802,0.0574712643678161,0.869565217391304,0.0365853658536585
"ancient_cre_0002.txt","ancient","cre_0002",3.33149378134863,4.25789084656099,6.69630093045375,4.94925623201699,0.015,0.931034482758621,0.0477157360406091
"ancient_ela_0001.txt","ancient","ela_0001",4.0093460685861,2.47075620781174,5.06256593467266,3.61424629061528,0.0446096654275093,0.505747126436782,0.0622568093385214
"ancient_ela_0002.txt","ancient","ela_0002",3.55223889549032,2.82979456931216,4.75184571222425,3.15348572953761,0.036231884057971,0.33125,0.0330827067669173
"ancient_pra_0001.txt","ancient","pra_0001",4.24188324588385,3.15644863353623,6.68290673604253,5.11269056862703,0.038,0.777070063694268,0.00623700623700624
"ancient_prc_0001.txt","ancient","prc_0001",4.33722014574569,3.06816212369057,5.32336892228126,2.89402880427315,0.0446927374301676,0.440677966101695,0.00292397660818713
"ancient_prc_0002.txt","ancient","prc_0002",4.47205368393428,3.30043674751214,5.1773166370949,3.17938505668845,0.0888324873096447,0.716666666666667,0.00278551532033426
"ancient_prc_0003.txt","ancient","prc_0003",4.22646559023765,3.20928520328521,4.1162996057017,2.9206854816008,0.159340659340659,0.617647058823529,0
"ancient_prc_0004.txt","ancient","prc_0004",4.37308866204038,2.88309217504488,4.34919993934934,2.65987423931189,0.154255319148936,0.709677419354839,0
"ancient_sum_0001.txt","ancient","sum_0001",3.85355328556178,3.35303557318135,3.86925450236763,3.02669025365682,0.032,0.235042735042735,0
"ancient_sum_0002.txt","ancient","sum_0002",3.9733447454293,3.55930629959772,4.48008369518745,2.18287440748158,0.0687679083094556,0.5,0
"ancient_sum_0003.txt","ancient","sum_0003",4.03548678368503,3.45157890534897,4.1487938734005,3.15131964559799,0.151515151515152,0.777777777777778,0.00714285714285714
"ancient_sum_0004.txt","ancient","sum_0004",4.331549262092,3.58801692377971,4.39272490511343,3.03165764909297,0.145374449339207,0.857142857142857,0.0103092783505155
"ancient_sum_0005.txt","ancient","sum_0005",4.07107488656523,3.84886196240947,4.4594316186373,2.99552235202599,0.0980392156862745,1,0.0173913043478261
"ancient_sum_0006.txt","ancient","sum_0006",3.91800298737287,3.08013299018124,3.78989809546429,2.50362451995472,0.167883211678832,0.566666666666667,0.0087719298245614
"ancient_sum_0007.txt","ancient","sum_0007",3.83449368208894,3.09035299099649,3.51108540818043,2.82979490980457,0.10958904109589,0.578947368421053,0
"ancient_sum_0008.txt","ancient","sum_0008",3.91008776007882,3.04834045979484,3.10614503330851,2.45953139620108,0.127659574468085,0.53125,0.00609756097560976
"ancient_sum_0009.txt","ancient","sum_0009",3.84777792091805,3.05050616008816,3.41151913181568,2.80313848805681,0.054673721340388,0.326923076923077,0.0111940298507463
"ancient_sum_0010.txt","ancient","sum_0010",3.80649174848908,3.05387883959478,3.30953939768375,2.56639850283751,0.101769911504425,0.538461538461538,0.00492610837438424
"heraldics_bla_0001.txt","heraldics","bla_0001",4.41486437711692,3.51839623963459,6.93110000654411,4.81492729227115,0.037,0.283,0.0114226375908619
"heraldics_bla_0002.txt","heraldics","bla_0002",4.39579795595591,3.41321901081908,6.29814582207741,4.6759686513243,0.045,0.214,0.0261780104712042
"writing_aii_0001.txt","writing","aii_0001",4.10129873102934,3.54850427522956,7.84442956536073,5.76329449029354,0.031,0.475,0.00928792569659443
"writing_arb_0001.txt","writing","arb_0001",4.29785623733224,3.48328341523295,8.40333937772474,6.34083424169116,0.039,0.582,0.00624349635796046
"writing_azj_0001.txt","writing","azj_0001",4.40299613871395,3.25820723994595,8.18687614108189,6.29828573078506,0.042,0.527,0.00730688935281837
"writing_azj_0002.txt","writing","azj_0002",4.40299613871395,3.25820723994595,8.17713098447042,6.28544393164722,0.042,0.525,0.00730688935281837
"writing_ben_0001.txt","writing","ben_0001",4.77697058162774,4.08601677933602,8.27172220746259,6.34990215848896,0.054,0.514,0.00105708245243129
"writing_blt_0001.txt","writing","blt_0001",4.58753253058596,3.90660389832742,7.37660658981457,4.85901772346952,0.051,0.292,0.0210748155953635
"writing_bod_0001.txt","writing","bod_0001",4.42774743076004,4.9733752815506,7.86636170903765,6.42492061416301,0.047,0.892857142857143,0.00104931794333683
"writing_bos_0001.txt","writing","bos_0001",4.45751762615041,3.46551179775081,8.09505765370294,6.20012553946307,0.038,0.539,0
"writing_bos_0002.txt","writing","bos_0002",4.4038924788567,3.42416335722792,8.09505765370294,6.20012553946307,0.037,0.539,0
"writing_chr_0001.txt","writing","chr_0001",5.03696957598137,3.95521100039907,7.6736520069452,5.79536235400034,0.07,0.461,0.0032258064516129
"writing_cmn_0001.txt","writing","cmn_0001",7.41228872626588,5.31156540912944,3.94055103471683,4.22690845485445,0.306,0.379032258064516,0.0129682997118156
"writing_cmn_0002.txt","writing","cmn_0002",7.40335476491796,5.30574947813336,6.04695804948006,5.52732182272919,0.303,0.770491803278688,0.0129124820659971
"writing_csw_0001.txt","writing","csw_0001",4.69699159878205,3.71733188393512,7.05599744880719,5.46273676935921,0.05,0.374,0.0221052631578947
"writing_div_0001.txt","writing","div_0001",4.56646138582552,3.09209198953569,8.64783843867392,6.71802673645638,0.04,0.59,0
"writing_ell_0001.txt","writing","ell_0001",5.04146432468412,3.70659936075,8.00422874262239,5.99435215820978,0.071,0.488,0.00538213132400431
"writing_eng_0001.txt","writing","eng_0001",4.14534436520363,3.47841267307385,7.4441076817051,5.40357543545112,0.031,0.398,0.0175438596491228
"writing_epo_0001.txt","writing","epo_0001",4.14886065460062,3.55381968799933,7.84676650297331,5.98981769115145,0.032,0.478,0
"writing_eus_0001.txt","writing","eus_0001",4.23975966217575,3.19235304709156,8.500750391397,6.60349180903763,0.041,0.593,0.0177267987486966
"writing_gaz_0001.txt","writing","gaz_0001",4.2044219894689,3.27234332790268,8.12095032429839,6.14006084832002,0.036,0.499,0.163900414937759
"writing_guj_0001.txt","writing","guj_0001",4.6957022649476,3.9626688473024,8.13757357543365,6.01354382042027,0.048,0.496,0.00525210084033613
"writing_heb_0001.txt","writing","heb_0001",4.18624709669083,3.53438747807296,8.67204799591014,6.85178957794197,0.031,0.648,0.0113519091847265
"writing_hin_0001.txt","writing","hin_0001",4.73382446910269,4.19614015586435,7.68054049933348,5.78299227803085,0.052,0.406,0.00316455696202532
"writing_hye_0001.txt","writing","hye_0001",4.55839382280358,3.29244937017948,8.10134957130619,6.08770449147741,0.048,0.507,0.00525210084033613
"writing_ibb_0001.txt","writing","ibb_0001",4.06169007609488,3.34972428675756,7.29280085727958,5.08539351015123,0.033,0.343,0.0103412616339193
"writing_iii_0001.txt","writing","iii_0001",6.71940708342504,4.73729661179867,6.34324989901052,5.71139771186829,0.22,0.798561151079137,0.00384615384615385
"writing_ike_0001.txt","writing","ike_0001",5.19429496394981,3.60061694829678,8.59899921598123,7.09755984654376,0.06,0.72887323943662,0.00212765957446809
"writing_jav_0001.txt","writing","jav_0001",4.57263316384803,4.09053022838675,6.68861874063306,5.95398861459822,0.038,0.818181818181818,0.0145530145530146
"writing_jav_0002.txt","writing","jav_0002",4.18996846809293,3.24194859212185,8.05238411622512,6.02193993016111,0.037,0.479,0.00726895119418484
"writing_jpn_0001.txt","writing","jpn_0001",6.79198736947971,4.86104471271203,6.02777998813323,5.51572334739999,0.253,0.768595041322314,0.00133868808567604
"writing_kal_0001.txt","writing","kal_0001",3.87913599907975,2.65103204715305,8.87459114049873,7.09017708940947,0.028,0.699,0.126543209876543
"writing_kan_0001.txt","writing","kan_0001",4.76959387038698,4.0046085276051,8.80024199932469,7.08356004047806,0.047,0.672,0.00524658971668416
"writing_kat_0001.txt","writing","kat_0001",4.22829543996312,3.23033710764169,8.29731691291804,6.3592669002514,0.034,0.56,0.0041407867494824
"writing_khm_0001.txt","writing","khm_0001",5.08511026324938,4.13149920657752,8.47766090584952,6.99348110689991,0.059,0.809602649006622,0.00850159404888417
"writing_kkh_0001.txt","writing","kkh_0001",4.93861786400081,4.83294181714176,8.27617340984474,6.94781968739758,0.054,0.844863731656184,0.00739957716701903
"writing_kor_0001.txt","writing","kor_0001",6.09468145586405,4.80988718777704,8.31678405446836,6.57968673385412,0.198,0.571,0.00249376558603491
"writing_lao_0001.txt","writing","lao_0001",5.24649586857276,3.78610292435918,6.39862332857124,5.6637385900598,0.051,0.527720739219713,0.00210748155953635
"writing_lug_0001.txt","writing","lug_0001",4.42845728278998,3.39173469574685,8.3297604989151,6.37759349721373,0.044,0.572,0.0366108786610879
"writing_mal_0001.txt","writing","mal_0001",4.7052133493453,4.37969195040558,8.82425468055825,7.40999177435724,0.053,0.727810650887574,0.00211193241816262
"writing_mya_0001.txt","writing","mya_0001",4.82170780643697,4.33579281569712,8.93851413632268,7.62803530750662,0.045,0.712,0.00104712041884817
"writing_pan_0001.txt","writing","pan_0001",4.7081622239364,3.95106383322617,7.64797698432023,5.73239453670268,0.051,0.395,0
"writing_rus_0001.txt","writing","rus_0001",4.46170812320966,3.42951181718885,8.15190518441701,6.20975740992324,0.043,0.535,0.00522466039707419
"writing_sin_0001.txt","writing","sin_0001",4.67942836388594,4.20657177000314,8.47957777820048,6.70891918364964,0.051,0.555,0
"writing_tam_0001.txt","writing","tam_0001",4.4204664503517,4.26342160746351,9.04414547893462,7.7260000281854,0.037,0.692,0.00311526479750779
"writing_tel_0001.txt","writing","tel_0001",4.723621862314,4.15343225778152,8.89558633785972,7.34922473125603,0.053,0.698,0.00527983104540655
"writing_tgl_0001.txt","writing","tgl_0001",3.6810335636987,3.21901762783967,7.0743836935774,5.34320475937304,0.033,0.383,0.00827300930713547
"writing_tha_0001.txt","writing","tha_0001",5.26844869039443,3.76203086703438,7.47280959984158,6.11278829894633,0.052,0.752659574468085,0.00843881856540084
"writing_tir_0001.txt","writing","tir_0001",5.36776183573872,4.10258597904112,8.14291217581209,6.29624848568195,0.101,0.517,0
"writing_vai_0001.txt","writing","vai_0001",4.65616892300606,4.34652726169329,7.01889733514724,4.90703461316112,0.084,0.265,0
"writing_zgh_0001.txt","writing","zgh_0001",3.87516309909607,3.52597746139396,7.53136364638732,5.64996826449164,0.027,0.434,0.0452209660842754
"writing_zul_0001.txt","writing","zul_0001",4.2543307175498,3.08934420130506,8.87149404317673,6.97763373780762,0.032,0.707,0
